galaxyID,lastProgenitorId,descendantId,haloID,subHaloID,fofID,treeId,firstProgenitorId,nextProgenitorId,type,snapnum,redshift,centralMvir,phkey,x,y,z,zIndex,ix,iy,iz,velX,velY,velZ,np,mvir,rvir,vvir,vmax,coldGas,stellarMass,bulgeMass,hotGas,ejectedMass,blackHoleMass,metalsColdGas,metalsStellarMass,metalsBulgeMass,metalsHotGas,metalsEjectedMass,sfr,sfrBulge,xrayLum,diskRadius,coolingRadius,mag_b,mag_v,mag_r,mag_i,mag_k,mag_bBulge,mag_vBulge,mag_rBulge,mag_iBulge,mag_kBulge,mag_bDust,mag_vDust,mag_rDust,mag_iDust,mag_kDust,massWeightedAge,random
1329000000,1329000024,-1,1329000000,63000000002056,63000000002056,1329000000,1329000001,-1,0,63,0.0,0.9467224,844,11.824126,12.025635,27.425426,20416,1,1,3,-217.45897,-29.831985,123.39114,59,0.9467224,0.03440229,34.402313,45.295673,0.39267352,0.020554543,0.0,0.0,0.13258387,0.0,9.1854203E-4,2.2681936E-5,0.0,0.0,1.4046318E-4,0.13282654,0.0,0.0,0.02081707,0.03440229,-17.28039,-17.553293,-17.911045,-18.231674,-19.176052,99.0,99.0,99.0,99.0,99.0,-17.275545,-17.549557,-17.908146,-18.229607,-19.175467,2.0353138,346
1329000001,1329000024,1329000000,1329000001,62000000002136,62000000002136,1329000000,1329000002,-1,0,62,0.019932542,0.9467224,844,11.869753,12.031443,27.411224,20416,1,1,3,-217.62576,-31.948694,124.32551,56,0.9467224,0.034229174,34.489197,43.391495,0.40306962,0.01909858,0.0,0.0,0.12364372,0.0,8.652619E-4,1.942391E-5,0.0,0.0,1.2037172E-4,0.063382685,0.0,0.0,0.032348443,0.034229174,-16.991308,-17.329723,-17.724314,-18.064528,-19.031794,99.0,99.0,99.0,99.0,99.0,-16.989923,-17.328594,-17.723406,-18.06387,-19.0316,1.916934,378
1329000002,1329000024,1329000001,1329000002,61000000002123,61000000002123,1329000000,1329000003,-1,0,61,0.041403063,1.2049193,837,11.931566,12.027639,27.315653,20196,1,1,3,-217.1698,-31.127752,123.67554,56,1.2049193,0.036888357,37.480408,44.98255,0.40826458,0.018371053,0.0,0.0,0.11917644,0.0,8.378854E-4,1.7898255E-5,0.0,0.0,1.10982575E-4,0.07041529,0.0,0.0,0.031059,0.036888357,-17.087244,-17.402184,-17.778933,-18.10669,-19.041727,99.0,99.0,99.0,99.0,99.0,-17.085554,-17.400845,-17.777872,-18.105925,-19.041508,1.7115043,731
1329000003,1329000024,1329000002,1329000003,60000000001963,60000000001963,1329000000,1329000004,-1,0,60,0.064493395,1.2049193,837,11.968844,12.031222,27.296888,20196,1,1,3,-217.68178,-31.900759,125.89668,67,1.2049193,0.036662456,37.5957,47.21459,0.41428676,0.017527647,0.0,0.0,0.11399767,0.0,8.055412E-4,1.6215221E-5,0.0,0.0,1.0062022E-4,0.10344657,0.0,0.0,0.026008382,0.036662456,-17.261885,-17.53051,-17.875912,-18.183182,-19.071785,99.0,99.0,99.0,99.0,99.0,-17.259779,-17.528833,-17.874582,-18.182222,-19.071507,1.4990453,199
1329000004,1329000024,1329000003,1329000004,59000000002052,59000000002052,1329000000,1329000005,-1,0,59,0.08928783,1.032788,837,12.0213585,12.060068,27.342188,20196,1,1,3,-218.45663,-30.187872,128.1707,62,1.032788,0.03459131,35.833733,46.045437,0.42348623,0.01623927,0.0,0.0,0.10608659,0.0,7.548991E-4,1.3819933E-5,0.0,0.0,8.5848274E-5,0.119410984,0.0,0.0,0.024288215,0.03459131,-17.352804,-17.588497,-17.909355,-18.200724,-19.048899,99.0,99.0,99.0,99.0,99.0,-17.350863,-17.586916,-17.908085,-18.199802,-19.04863,1.3067081,759
1329000005,1329000024,1329000004,1329000005,58000000002077,58000000002077,1329000000,1329000006,-1,0,58,0.11588337,1.1188537,837,12.075227,12.073206,27.308048,20196,1,1,3,-214.65863,-30.2355,125.75498,61,1.1188537,0.035263013,36.940002,49.76155,0.43449348,0.014697714,0.0,0.0,0.09662089,0.0,6.923785E-4,1.1225608E-5,0.0,0.0,6.982873E-5,0.19686486,0.0,0.0,0.018212255,0.035263013,-17.547369,-17.72307,-18.003542,-18.267574,-19.055761,99.0,99.0,99.0,99.0,99.0,-17.544321,-17.720581,-18.00154,-18.266123,-19.055336,1.1171242,386
1329000006,1329000024,1329000005,1329000006,57000000001995,57000000001995,1329000000,1329000007,-1,0,57,0.14438343,1.2909851,837,12.127973,12.086189,27.272816,20196,1,1,3,-215.63675,-29.410917,127.294716,67,1.2909851,0.0366841,38.903767,52.689854,0.4532449,0.012071601,0.0,0.0,0.08049565,0.0,5.812097E-4,7.472745E-6,0.0,0.0,4.6533907E-5,0.19428845,0.0,0.0,0.019564904,0.0366841,-17.442657,-17.594263,-17.8565,-18.105064,-18.843836,99.0,99.0,99.0,99.0,99.0,-17.44034,-17.592415,-17.85503,-18.104004,-18.843525,1.004345,454
1329000007,1329000024,1329000006,1329000007,56000000002097,56000000002097,1329000000,1329000008,-1,0,56,0.17489761,1.6352477,837,12.182863,12.102587,27.234592,20196,1,1,3,-214.79674,-27.117247,127.64065,58,1.6352477,0.039336007,42.28308,44.96912,0.47230738,0.009401914,0.0,0.0,0.06410283,0.0,4.6233647E-4,4.4774006E-6,0.0,0.0,2.7892705E-5,0.15173203,0.0,0.0,0.024338743,0.039336007,-17.20615,-17.343004,-17.589882,-17.825089,-18.512913,99.0,99.0,99.0,99.0,99.0,-17.204975,-17.342094,-17.589169,-17.824581,-18.512764,0.9119488,491
1329000008,1329000024,1329000007,1329000008,55000000002043,55000000002043,1329000000,1329000009,-1,0,55,0.20754863,1.549182,837,12.245075,12.11815,27.185923,20196,1,1,3,-213.20013,-25.350704,127.62759,60,1.549182,0.038253702,41.733467,45.924755,0.48759687,0.0072606346,0.0,0.0,0.05095463,0.0,3.6286522E-4,2.6465002E-6,0.0,0.0,1.6496033E-5,0.13705783,0.0,0.0,0.026559636,0.038253702,-17.0591,-17.152653,-17.361536,-17.571245,-18.184778,99.0,99.0,99.0,99.0,99.0,-17.058569,-17.152227,-17.361197,-17571,-18.184706,0.7912844,764
1329000009,1329000024,1329000008,1329000009,54000000002125,54000000002125,1329000000,1329000010,-1,0,54,0.24246909,1.2049193,837,12.313632,12.1335335,27.13969,20196,1,1,3,-213.6507,-26.69626,128.41632,57,1.2049193,0.034800746,38.588215,46.928318,0.5017391,0.0052800304,0.0,0.0,0.03879303,0.0,2.6770454E-4,1.3925703E-6,0.0,0.0,8.668365E-6,0.14811903,0.0,0.0,0.025691897,0.034800746,-16.953194,-16.997084,-17.174374,-17.36535,-17.930561,99.0,99.0,99.0,99.0,99.0,-16.952868,-16.996824,-17.174166,-17.365202,-17.93052,0.67513585,954
1373000000,1373000022,-1,1373000000,63000000002107,63000000002107,1373000000,1373000001,-1,0,63,0.0,0.9467224,838,14.825713,11.954218,26.845348,20205,1,1,3,-24.258533,-50.042797,31.270647,53,0.9467224,0.03440229,34.402313,46.0187,0.09464921,0.010526111,0.0,4.378376E-4,0.08876825,0.0,3.931729E-4,2.3059554E-5,0.0,3.315901E-7,6.722738E-5,0.0,0.0,38.10496,0.029515993,0.0053327614,-14.799518,-15.454577,-16.032215,-16.485374,-17.660067,99.0,99.0,99.0,99.0,99.0,-14.799205,-15.45432,-16.032007,-16.485222,-17.660023,5.1174445,831
1373000001,1373000022,1373000000,1373000001,62000000002244,62000000002244,1373000000,1373000002,-1,0,62,0.019932542,1.1188537,838,14.8328495,11.96038,26.839342,20205,1,1,3,-25.225262,-53.092525,30.794832,49,1.1188537,0.036189284,36.464195,45.34182,0.09463475,0.010526111,0.0,5.099181E-4,0.09796245,0.0,3.9316193E-4,2.3059554E-5,0.0,3.8617935E-7,7.4190495E-5,0.0,0.0,38.22305,0.02620947,0.005583202,-14.900858,-15.533624,-16.09905,-16.545538,-17.71144,99.0,99.0,99.0,99.0,99.0,-14.900461,-15.533297,-16.098787,-16.545347,-17.711382,4.8540134,86
1373000002,1373000022,1373000001,1373000002,61000000002585,61000000002585,1373000000,1373000003,-1,0,61,0.041403063,1.6352477,838,14.838241,11.977619,26.841927,20205,1,1,3,-24.321812,-62.558697,29.550983,43,1.6352477,0.04084114,41.496628,43.917847,0.09461698,0.010526111,0.0,5.954889E-4,0.10869934,0.0,3.9314845E-4,2.3059554E-5,0.0,4.5098517E-7,8.2321916E-5,0.0,0.0,38.401894,0.01319982,0.0062349723,-15.054754,-15.651479,-16.199629,-16.63937,-17.803507,99.0,99.0,99.0,99.0,99.0,-15.053191,-15.650189,-16.198587,-16.63861,-17.803286,4.578159,67
1373000003,1373000022,1373000002,1373000003,60000000002540,60000000002540,1373000000,1373000004,-1,0,60,0.064493395,1.2049193,838,14.866858,12.005405,26.796412,20205,1,1,3,-27.410149,-63.958546,25.781244,43,1.2049193,0.036662456,37.5957,45.16419,0.09459654,0.010526111,0.0,0.0,0.12127193,0.0,3.93133E-4,2.3059554E-5,0.0,1.0587912E-22,9.18436E-5,0.018992614,0.0,0.0,0.010861057,0.036662456,-15.529083,-15.974758,-16.449697,-16.850988,-17.968952,99.0,99.0,99.0,99.0,99.0,-15.525773,-15.972286,-16.447803,-16.849636,-17.968563,4.2903056,986
1373000004,1373000022,1373000003,1373000004,59000000002664,59000000002664,1373000000,1373000005,-1,0,59,0.08928783,1.9795104,838,14.86552,12.016777,26.787653,20205,1,1,3,-29.827854,-63.792027,25.286253,40,1.9795104,0.042968404,44.511707,46.087463,0.0962851,0.0102895675,0.0,3.242966E-4,0.11981993,0.0,3.8759588E-4,2.2092747E-5,0.0,2.636618E-7,8.589787E-5,0.0057620252,0.0,38.076298,0.010874213,0.0048849504,-15.274581,-15.818726,-16.341099,-16.765596,-17.922077,99.0,99.0,99.0,99.0,99.0,-15.271605,-15.816464,-16.339338,-16.76433,-17.921711,4.0861244,781
1373000005,1373000022,1373000004,1373000005,58000000002741,58000000002741,1373000000,1373000006,-1,0,58,0.11588337,1.9795104,838,14.851595,12.021618,26.818174,20205,1,1,3,-31.448246,-64.18586,22.215631,39,1.9795104,0.04264953,44.677795,45.571815,0.09680652,0.010215182,0.0,7.6077075E-4,0.12575272,0.0,3.858017E-4,2.179488E-5,0.0,5.4524565E-7,8.925654E-5,4.1210256E-4,0.0,38.630028,0.0113643,0.007205295,-15.322325,-15.877023,-16.39832,-16.820446,-17.97325,99.0,99.0,99.0,99.0,99.0,-15.3201475,-15.875234,-16.396873,-16.819395,-17.972942,3.8044727,623
1373000006,1373000022,1373000005,1373000006,57000000002718,57000000002718,1373000000,1373000007,-1,0,57,0.14438343,1.7213135,838,14.863297,12.056179,26.819065,20205,1,1,3,-33.16472,-66.13129,20.76643,40,1.7213135,0.040376075,42.819138,44.198254,0.09681221,0.010209686,0.0,0.0,0.14190932,0.0,3.8564508E-4,2.1772978E-5,0.0,0.0,1.0071959E-4,0.014173689,0.0,0.0,0.010583897,0.040376075,-15.72495,-16.154146,-16.608635,-16.996397,-18.092531,99.0,99.0,99.0,99.0,99.0,-15.721538,-16.151552,-16.606619,-16.994946,-18.0921,3.485847,27
1373000007,1373000022,1373000006,1373000007,56000000002622,56000000002622,1373000000,1373000008,-1,0,56,0.17489761,1.3770508,838,14.861424,12.068247,26.810465,20205,1,1,3,-35.136456,-67.94073,18.785454,42,1.3770508,0.037146028,39.929028,46.367657,0.09820284,0.010014928,0.0,0.0,0.1407134,0.0,3.8086352E-4,2.1007942E-5,0.0,0.0,9.6015705E-5,0.024528619,0.0,0.0,0.0103737395,0.037146028,-15.994741,-16.364553,-16.784842,-17.156313,-18.234432,99.0,99.0,99.0,99.0,99.0,-15.991937,-16.362276,-16.783016,-17.154987,-18.234043,3.2201297,293
1373000008,1373000022,1373000007,1373000008,55000000002597,55000000002597,1373000000,1373000009,-1,0,55,0.20754863,1.6352477,838,14.8826685,12.080956,26.80482,20205,1,1,3,-37.254784,-67.63314,16.01321,42,1.6352477,0.038949378,42.49242,46.212215,0.10067451,0.009668775,0.0,0.0,0.13858788,0.0,3.7201168E-4,1.9698855E-5,0.0,0.0,8.7958E-5,0.0757565,0.0,0.0,0.0075373743,0.038949378,-16.426668,-16.68874,-17.043085,-17.373451,-18.376188,99.0,99.0,99.0,99.0,99.0,-16.420485,-16.683887,-17.039257,-17.370665,-18.375324,2.9900687,309
1373000009,1373000022,1373000008,1373000009,54000000002725,54000000002725,1373000000,1373000010,-1,0,54,0.24246909,2.6680357,838,14.925615,12.1112585,26.779696,20205,1,1,2,-41.364563,-69.34345,13.809548,38,2.6680357,0.04535931,50.2959,52.280785,0.108491376,0.0085740285,0.0,5.0446026E-5,0.13186577,0.0,3.4117777E-4,1.5973696E-5,0.0,3.331022E-8,6.489893E-5,0.015711626,0.0,36.797337,0.010339716,0.001494316,-15.734706,-16.110064,-16.529884,-16.898525,-17.945768,99.0,99.0,99.0,99.0,99.0,-15.73197,-16.107992,-16.528278,-16.89737,-17.945415,3.00172,379
1884000000,1884000013,-1,1884000000,63000000002668,63000000002668,1884000000,1884000001,-1,0,63,0.0,0.9467224,3099,12.002536,26.295692,17.304798,26196,1,2,1,-1.8399609,-169.58757,374.2643,41,0.9467224,0.03440229,34.402313,44.193928,0.11813765,0.01129695,0.0,0.0,0.08627581,0.0,4.5285086E-4,1.9690346E-5,0.0,0.0,1.2202553E-4,0.050795093,0.0,0.0,0.010590246,0.03440229,-16.560585,-16.871555,-17.248781,-17.588348,-18.596825,99.0,99.0,99.0,99.0,99.0,-16.556412,-16.868437,-17.246414,-17.586668,-18.596355,2.0071704,3
1884000001,1884000013,1884000000,1884000001,62000000002718,62000000002718,1884000000,1884000002,-1,0,62,0.019932542,1.7213135,3099,12.000865,26.336805,17.238848,26196,1,2,1,-2.9146936,-171.53444,375.40213,40,1.7213135,0.041777477,42.094837,45.155846,0.12211332,0.010740165,0.0,0.0,0.08285695,0.0,4.38316E-4,1.7627697E-5,0.0,2.1175824E-22,1.0931846E-4,0.06466552,0.0,0.0,0.009599094,0.041777477,-16.66,-16.941246,-17.299538,-17.627655,-18.611565,99.0,99.0,99.0,99.0,99.0,-16.65659,-16.938547,-17.29741,-17.626122,-18.611122,1.8408784,79
1884000002,1884000013,1884000001,1884000002,61000000002826,61000000002826,1884000000,1884000003,-1,0,61,0.041403063,1.549182,3099,11.9957075,26.367283,17.162746,26198,1,2,1,-3.4676616,-172.40146,374.72318,38,1.549182,0.040111676,40.75546,44.454895,0.12741326,0.009997911,0.0,0.0,0.078299254,0.0,4.1746852E-4,1.50862E-5,0.0,0.0,9.36414E-5,0.084388874,0.0,0.0,0.009047316,0.040111676,-16.754341,-17.002638,-17.340004,-17.653988,-18.606853,99.0,99.0,99.0,99.0,99.0,-16.749159,-16.998762,-17.337059,-17.651892,-18.606253,1.6912612,554
1884000003,1884000013,1884000002,1884000003,60000000002931,60000000002931,1884000000,1884000004,-1,0,60,0.064493395,1.4631164,3099,11.993312,26.426344,17.066755,26198,1,2,1,-3.4628937,-173.93048,374.07132,36,1.4631164,0.039113667,40.109306,44.367683,0.13463058,0.008987136,0.0,0.0,0.07209275,0.0,3.8649244E-4,1.1991598E-5,0.0,0.0,7.45135E-5,0.08587806,0.0,0.0,0.009490245,0.039113667,-16.696705,-16.934639,-17.26553,-17.572535,-18.50209,99.0,99.0,99.0,99.0,99.0,-16.693302,-16.932062,-17.263554,-17.571123,-18.501678,1.5771177,71
1884000004,1884000013,1884000003,1884000004,59000000003075,59000000003075,1884000000,1884000005,-1,0,59,0.08928783,2.065576,3099,12.005955,26.4698,16.986204,26198,1,2,1,-1.8654141,-174.80948,374.22186,34,2.065576,0.04358232,45.147675,46.55642,0.14226769,0.007917566,0.0,0.0,0.0655252,0.0,3.5061385E-4,9.151261E-6,0.0,-1.0587912E-22,5.693935E-5,0.058582354,0.0,0.0,0.011324875,0.04358232,-16.46383,-16.72396,-17.067148,-17.378332,-18.298515,99.0,99.0,99.0,99.0,99.0,-16.46167,-16.722338,-17.065907,-17.377447,-18.298256,1.4702457,23
1884000005,1884000013,1884000004,1884000005,58000000003136,58000000003136,1884000000,1884000006,-1,0,58,0.11588337,1.8934448,3099,12.009122,26.51461,16.885475,26198,1,2,1,-3.986922,-174.41858,369.0371,33,1.8934448,0.04202224,44.020676,46.76546,0.14766778,0.0071612876,0.0,0.0,0.060881384,0.0,3.2339917E-4,7.3970423E-6,0.0,0.0,4.6104065E-5,0.058677487,0.0,0.0,0.0118456,0.04202224,-16.4523,-16.697193,-17.028557,-17.330038,-18.219942,99.0,99.0,99.0,99.0,99.0,-16.451172,-16.696302,-17.027851,-17.32953,-18.219793,1.2985704,986
1884000006,1884000013,1884000005,1884000006,57000000003144,57000000003144,1884000000,1884000007,-1,0,57,0.14438343,1.8934448,3099,12.001375,26.552547,16.803774,26198,1,2,1,-4.860458,-175.45638,369.45935,33,1.8934448,0.04167942,44.201344,48.095116,0.15325679,0.006378549,0.0,0.0,0.05607511,0.0,2.9370072E-4,5.7959282E-6,0.0,0.0,3.6206864E-5,0.06604235,0.0,0.0,0.011801557,0.04167942,-16.47862,-16.695099,-17.005291,-17.290428,-18.13533,99.0,99.0,99.0,99.0,99.0,-16.477428,-16.694178,-17.004572,-17.289911,-18.135178,1.1173081,193
1884000007,1884000013,1884000006,1884000007,56000000003208,56000000003208,1884000000,1884000008,-1,0,56,0.17489761,1.549182,3099,11.992454,26.589186,16.703163,26198,1,2,1,-6.0606356,-176.76146,370.66486,32,1.549182,0.03863343,41.527863,45.750565,0.15973648,0.0054710708,0.0,0.0,0.050502878,0.0,2.5739693E-4,4.2031156E-6,0.0,0.0,2.6341397E-5,0.06717984,0.0,0.0,0.012399724,0.03863343,-16.436886,-16.627872,-16.916933,-17.18442,-17.974363,99.0,99.0,99.0,99.0,99.0,-16.435312,-16.62674,-16.916084,-17.18382,-17.974178,0.9445038,528
1884000008,1884000013,1884000007,1884000008,55000000003158,55000000003158,1884000000,1884000009,-1,0,55,0.20754863,0.9467224,3099,12.037438,26.661615,16.552477,26194,1,2,1,-7.3445406,-176.12617,366.80542,33,0.9467224,0.03246237,35.41532,39.48281,0.1665059,0.0045230137,0.0,0.0,0.04468146,0.0,2.1740272E-4,2.8285954E-6,0.0,0.0,1.7812332E-5,0.06186846,0.0,0.0,0.013668093,0.03246237,-16.35704,-16.5222,-16.787786,-17.037373,-17.769617,99.0,99.0,99.0,99.0,99.0,-16.356577,-16.521833,-16.787497,-17.037165,-17.769554,0.76716584,283
1884000009,1884000013,1884000008,1884000009,54000000003112,54000000003112,1884000000,1884000010,-1,0,54,0.24246909,1.1188537,3099,12.043177,26.714533,16.457314,26194,1,2,1,-8.234293,-177.41144,367.92224,33,1.1188537,0.033951607,37.64666,40.700615,0.17288972,0.0036289603,0.0,0.0,0.039191663,0.0,1.7782427E-4,1.7921096E-6,0.0,5.293956E-23,1.1371855E-5,0.07682796,0.0,0.0,0.01282598,0.033951607,-16.395206,-16.497349,-16.713854,-16.931469,-17.582743,99.0,99.0,99.0,99.0,99.0,-16.394684,-16.496954,-16.713547,-16.931252,-17.582676,0.56551147,246
2002000000,2002000019,-1,2002000000,63000000002797,63000000002797,2002000000,2002000001,-1,0,63,0.0,0.9467224,2696,30.213291,21.821136,28.68519,31708,3,2,3,-108.34839,92.348656,-506.64194,35,0.9467224,0.03440229,34.402313,41.660828,0.11903306,0.01101459,0.0,0.0,0.067493305,0.0,4.4430274E-4,1.8622151E-5,0.0,0.0,1.1678838E-4,0.17443195,0.0,0.0,0.0054637548,0.03440229,-17.202623,-17.382359,-17.672895,-17.958256,-18.873798,99.0,99.0,99.0,99.0,99.0,-17.171265,-17.358406,-17.654615,-17.945189,-18.870144,1.8839669,802
2002000001,2002000019,2002000000,2002000001,62000000002854,62000000002854,2002000000,2002000002,-1,0,62,0.019932542,0.86065674,2696,30.232267,21.804762,28.779247,31708,3,2,3,-110.00939,97.13407,-506.03625,32,0.86065674,0.033158805,33.410694,40.40636,0.13268554,0.009102574,0.0,0.0,0.055752836,0.0,3.8927456E-4,1.2300999E-5,0.0,1.0587912E-22,7.75051E-5,0.054521404,0.0,0.0,0.01157046,0.033158805,-16.412466,-16.688057,-17.043777,-17.36727,-18.327364,99.0,99.0,99.0,99.0,99.0,-16.40904,-16.685308,-17.04159,-17.365688,-18.326908,1.9879024,704
2002000002,2002000019,2002000001,2002000002,61000000002877,61000000002877,2002000000,2002000003,-1,0,61,0.041403063,0.9467224,2696,30.252016,21.789684,28.888805,31708,3,2,3,-108.241936,101.83467,-503.01566,32,0.9467224,0.034039058,34.585377,39.090942,0.1371541,0.0084767565,0.0,0.0,0.051910106,0.0,3.6891818E-4,1.054556E-5,0.0,0.0,6.6679204E-5,0.05667537,0.0,0.0,0.011723404,0.034039058,-16.398148,-16.661367,-17.009253,-17.326965,-18.267698,99.0,99.0,99.0,99.0,99.0,-16.394836,-16.658768,-17.00721,-17.325497,-18.267275,1.8485011,599
2002000003,2002000019,2002000002,2002000003,60000000002845,60000000002845,2002000000,2002000004,-1,0,60,0.064493395,1.2909851,2696,30.277927,21.77091,29.002531,31709,3,2,3,-105.70455,105.15435,-499.93674,35,1.2909851,0.037515376,38.470333,39.902016,0.14200118,0.0077979257,0.0,0.0,0.047741845,0.0,3.4562658E-4,8.811309E-6,0.0,0.0,5.5976965E-5,0.059784938,0.0,0.0,0.011696506,0.037515376,-16.372805,-16.628113,-16.973478,-17.289225,-18.222927,99.0,99.0,99.0,99.0,99.0,-16.369354,-16.625473,-16.97144,-17.287767,-18.222507,1.7088743,47
2002000004,2002000019,2002000003,2002000004,59000000002903,59000000002903,2002000000,2002000005,-1,0,59,0.08928783,1.3770508,2696,30.310408,21.747772,29.121801,31709,3,2,3,-104.21306,108.91615,-497.7272,35,1.3770508,0.038072664,39.44013,42.701183,0.1473179,0.0070533333,0.0,0.0,0.04316978,0.0,3.186798E-4,7.105455E-6,0.0,0.0,4.544048E-5,0.05432467,0.0,0.0,0.012509087,0.038072664,-16.25888,-16.52404,-16.877588,-17.1939,-18.12086,99.0,99.0,99.0,99.0,99.0,-16.25715,-16.52264,-16.876469,-17.193089,-18.120623,1.573923,408
2002000005,2002000019,2002000004,2002000005,58000000002812,58000000002812,2002000000,2002000006,-1,0,58,0.11588337,1.2909851,2696,30.33771,21.723635,29.240866,31709,3,2,3,-100.62081,114.13632,-488.87265,36,1.2909851,0.036985833,38.74475,45.958572,0.15232553,0.00635202,0.0,0.0,0.03886347,0.0,2.920034E-4,5.6795107E-6,0.0,0.0,3.6631653E-5,0.028594416,0.0,0.0,0.015739834,0.036985833,-15.953086,-16.27232,-16.656424,-16.986307,-17.929487,99.0,99.0,99.0,99.0,99.0,-15.951687,-16.271282,-16.655634,-16.985746,-17.929325,1.4200613,60
2002000006,2002000019,2002000005,2002000006,57000000002353,57000000002353,2002000000,2002000007,-1,0,57,0.14438343,1.2049193,2697,30.370708,21.699186,29.368324,31737,3,2,3,-101.001564,119.13117,-489.1103,43,1.2049193,0.035850078,38.019283,42.848793,0.15504919,0.0059705805,0.0,0.0,0.036521297,0.0,2.7697682E-4,4.9745263E-6,0.0,0.0,3.22875E-5,0.0104620885,0.0,0.0,0.019158646,0.035850078,-15.8787,-16.232018,-16.61965,-16.939428,-17.820919,99.0,99.0,99.0,99.0,99.0,-15.878135,-16.231562,-16.619282,-16.939161,-17.820843,1.1798326,702
2002000007,2002000019,2002000006,2002000007,56000000002821,56000000002821,2002000000,2002000008,-1,0,56,0.17489761,1.1188537,2697,30.405197,21.676691,29.505476,31737,3,2,3,-100.210106,121.77142,-487.67523,37,1.1188537,0.03466199,37.258884,42.237946,0.1560757,0.005826822,0.0,0.0,0.03563858,0.0,2.7122025E-4,4.7213944E-6,0.0,0.0,3.0731044E-5,0.0344286,0.0,0.0,0.015644217,0.03466199,-16.266092,-16.508007,-16.81751,-17.089579,-17.86699,99.0,99.0,99.0,99.0,99.0,-16.265165,-16.507267,-16.816921,-17.089151,-17.866863,0.87459743,822
2002000008,2002000019,2002000007,2002000008,55000000002982,55000000002982,2002000000,2002000009,-1,0,55,0.20754863,0.9467224,2697,30.43859,21.638699,29.649672,31737,3,2,3,-96.080925,124.460594,-480.69083,36,0.9467224,0.03246237,35.41532,38.020275,0.15954491,0.0053409575,0.0,0.0,0.0326552,0.0,2.5140526E-4,3.9185475E-6,0.0,0.0,2.5777117E-5,0.026079224,0.0,0.0,0.01762877,0.03246237,-16.448332,-16.629498,-16.88901,-17.142992,-17.879229,99.0,99.0,99.0,99.0,99.0,-16.447752,-16.629023,-16.888626,-17.142715,-17.879147,0.599389,520
2002000009,2002000019,2002000008,2002000009,54000000003959,54000000003959,2002000000,2002000010,-1,0,54,0.24246909,0.516394,2697,30.445534,21.506424,29.81685,31737,3,2,3,-97.92845,124.49998,-466.11313,22,0.516394,0.026237933,29.093487,35.316074,0.16223589,0.0049640904,0.0,0.0,0.030341098,0.0,2.3565016E-4,3.349144E-6,0.0,0.0,2.2266517E-5,0.2921907,0.0,0.0,0.004647994,0.026237933,-17.399471,-17.442392,-17.627773,-17.828083,-18.471054,99.0,99.0,99.0,99.0,99.0,-17.382986,-17.429518,-17.617605,-17.820686,-18.468586,0.2842779,42
20001349,20001397,-1,20000869,63000000002113,63000000002113,20000000,20001350,-1,0,63,0.0,0.86065674,2495,29.40349,30.334341,7.769455,14334,3,3,0,114.294426,-199.43318,142.96584,37,0.86065674,0.033326507,33.326527,37.603798,0.033080976,0.050336335,0.0,3.891206E-5,0.007883038,4.7252826E-7,5.3537556E-4,3.1185977E-4,0.0,1.7512001E-7,3.547686E-5,0.0,0.0,36.721016,0.0056137173,0.002657346,-15.81453,-16.5933,-17.252186,-17.792988,-19.165884,99.0,99.0,99.0,99.0,99.0,-15.7905655,-16.573534,-17.236187,-17.781347,-19.162481,6.852345,391
20001350,20001397,20001349,20000870,62000000002432,62000000002432,20000000,20001351,-1,0,62,0.019932542,1.2049193,2495,29.37167,30.364758,7.7322774,14334,3,3,0,117.8781,-197.43762,138.18405,31,1.2049193,0.03709439,37.376175,39.724014,0.03308034,0.050336335,0.0,4.5319208E-5,0.008699524,4.7252826E-7,5.353728E-4,3.1185977E-4,0.0,2.039548E-7,3.9151386E-5,0.0,0.0,36.895847,0.010810971,0.0029723973,-15.860856,-16.633974,-17.288528,-17.825186,-19.193598,99.0,99.0,99.0,99.0,99.0,-15.854377,-16.628633,-17.284206,-17.822044,-19.19268,6.5889144,849
20001351,20001397,20001350,20000871,61000000001807,61000000001807,20000000,20001352,-1,0,61,0.041403063,1.3770508,2495,29.35199,30.413813,7.70787,14334,3,3,0,128.5725,-187.7345,125.47018,37,1.3770508,0.038567368,39.186363,40.21818,0.033079546,0.050336335,0.0,5.2922973E-5,0.0096530095,4.7252826E-7,5.3536927E-4,3.1185977E-4,0.0,2.381748E-7,4.344245E-5,0.0,0.0,37.032825,0.00932386,0.0032584344,-15.918484,-16.68506,-17.335545,-17.86962,-19.242949,99.0,99.0,99.0,99.0,99.0,-15.909776,-16.677881,-17.329737,-17.865395,-19.241714,6.313059,677
20001352,20001397,20001351,20000872,60000000002220,60000000002220,20000000,20001353,-1,0,60,0.064493395,1.549182,2495,29.316992,30.46368,7.6839437,14334,3,3,0,135.00525,-181.88866,116.465034,32,1.549182,0.039866034,40.88083,47.625984,0.033078507,0.050336335,0.0,6.197405E-5,0.010769515,4.7252826E-7,5.3536455E-4,3.1185977E-4,0.0,2.7890835E-7,4.8467176E-5,0.0,0.0,37.16926,0.008887561,0.0035716272,-15.98891,-16.74518,-17.388779,-17.917488,-19.2836,99.0,99.0,99.0,99.0,99.0,-15.979328,-16.73728,-17.382387,-17.912838,-19.282242,6.025205,81
20001353,20001397,20001352,20000873,59000000001337,59000000001337,20000000,20001354,-1,0,59,0.08928783,1.549182,2494,29.28276,30.505165,7.6490107,14327,3,3,0,151.00041,-169.07918,100.77362,43,1.549182,0.039597165,41.019386,46.57626,0.033077143,0.050336335,0.0,7.280321E-5,0.01208055,4.7252826E-7,5.3535844E-4,3.1185977E-4,0.0,3.276439E-7,5.436736E-5,0.0,0.0,37.285954,0.006048623,0.0038755746,-16.084904,-16.825504,-17.460615,-17.98408,-19.348848,99.0,99.0,99.0,99.0,99.0,-16.064253,-16.808472,-17.446833,-17.974052,-19.345917,5.72589,257
20001354,20001397,20001353,20000874,58000000001341,58000000001341,20000000,20001355,-1,0,58,0.11588337,1.549182,2494,29.244108,30.543062,7.6213865,14327,3,3,0,164791,-150.11812,78.2635,41,1.549182,0.03930331,41.172443,46.035103,0.033075295,0.050336335,0.0,8.580755E-5,0.01362496,4.7252826E-7,5.3535006E-4,3.1185977E-4,0.0,3.8616864E-7,6.131782E-5,0.0,0.0,37.405827,0.009480551,0.004212768,-16.219563,-16.91956,-17.534103,-18.04443,-19.395926,99.0,99.0,99.0,99.0,99.0,-16.211142,-16.912615,-17.528486,-18.040344,-19.394732,5.4156346,740
20001355,20001397,20001354,20000875,57000000001140,57000000001140,20000000,20001356,-1,0,57,0.14438343,1.8073791,2494,29.19788,30.57641,7.595306,14327,3,3,0,179.00395,-140.55836,61.37316,48,1.8073791,0.041038096,43.521214,44.44897,0.033047587,0.050336335,0.0,0.0033596484,0.01545034,4.7252826E-7,5.352825E-4,3.1185977E-4,0.0,1.8384333E-6,6.9532754E-5,0.052205414,0.0,39.37034,0.008766905,0.012098577,-16.596287,-17.156593,-17.715496,-18.19378,-19.503805,99.0,99.0,99.0,99.0,99.0,-16.586449,-17.148483,-17.708933,-18.189007,-19.50241,5.0950465,700
20001356,20001380,20001355,20000876,56000000000220,56000000000214,20000000,20001357,20001381,1,56,0.17489761,430.41443,2494,29.131529,30.600569,7.5863476,14327,3,3,0,194.63345,-123.84508,41.822346,44,3.7868907,0.052042324,55.94136,47.65084,0.03623615,0.04961899,0.0,0.0,0.0,0.0,5.798071E-4,3.0095843E-4,0.0,0.0,0.0,0.0,0.0,40.66864,0.007888005,0.026821379,-16.246908,-16.981878,-17.60828,-18.119814,-19.48147,99.0,99.0,99.0,99.0,99.0,-16.233591,-16.970898,-17.599394,-18.11335,-19.47958,4.837402,63
20001357,20001380,20001356,20000877,55000000000219,55000000000212,20000000,20001358,-1,1,55,0.20754863,432.91034,2494,29.066078,30.62182,7.5674167,14327,3,3,0,222.66283,-92.91355,10.47142,44,3.7868907,0.051530804,56.218323,48.600693,0.03623615,0.04961899,0.0,0.0,0.0,0.0,5.798071E-4,3.0095843E-4,0.0,0.0,0.0,0.0,0.0,40.66864,0.005725793,0.026821379,-16.375828,-17.08587,-17.696619,-18.19594,-19.543665,99.0,99.0,99.0,99.0,99.0,-16.3506,-17.065062,-17.679777,-18.183687,-19.540081,4.498249,526
20001358,20001380,20001357,20000878,54000000000190,54000000000184,20000000,20001359,-1,1,54,0.24246909,436.5251,2494,28.991459,30.639603,7.573317,14327,3,3,0,251.15007,-60.82392,-12.647743,43,3.7008252,0.05058659,56.09208,52.62892,0.03623615,0.04961899,0.0,0.0,0.0,0.0,5.798071E-4,3.0095843E-4,0.0,0.0,0.0,0.0,0.0,40.66864,0.005137019,0.026821379,-16.57727,-17.249994,-17.839718,-18.323408,-19.659374,99.0,99.0,99.0,99.0,99.0,-16.545958,-17.224161,-17.818808,-18.30819,-19.654922,4.1509533,411
962000000,962000010,-1,962000000,63000000001645,63000000001645,962000000,962000001,-1,0,63,0.0,0.774591,3957,10.883009,16.580378,0.093349874,8713,1,1,0,-40.292816,29.930042,29.18722,50,0.774591,0.032176387,32.176407,41.448902,0.21561758,0.0052894033,0.0,0.0,0.0324788,0.0,2.5638152E-4,3.0287729E-6,0.0,0.0,1.8979332E-5,0.089683056,0.0,0.0,0.014425609,0.032176387,-16.425133,-16.568863,-16.837404,-17.0915,-17.860506,99.0,99.0,99.0,99.0,99.0,-16.42427,-16.568233,-16.836935,-17.091175,-17.860418,1.4327617,566
962000001,962000010,962000000,962000001,62000000001798,62000000001798,962000000,962000002,-1,0,62,0.019932542,0.774591,3957,10.907285,16.604017,0.0803365,8715,1,1,0,-34.193554,26.773195,23.537188,49,0.774591,0.032014474,32.25767,38.76724,0.22263692,0.0043063518,0.0,0.0,0.026442515,0.0,2.121855E-4,1.9822883E-6,0.0,0.0,1.248231E-5,0.020218866,0.0,0.0,0.02734863,0.032014474,-15.639701,-15.906271,-16.248999,-16.545643,-17.368393,99.0,99.0,99.0,99.0,99.0,-15.639603,-15.906196,-16.248941,-16.545603,-17.368382,1.4660647,160
962000002,962000010,962000001,962000002,61000000002019,61000000002019,962000000,962000003,-1,0,61,0.041403063,0.6885254,3957,10.903215,16.594906,0.07327338,8713,1,1,0,-34.177483,29.793983,19.26315,44,0.6885254,0.03061094,31.102236,36.90521,0.2242941,0.0040742722,0.0,0.0,0.025017465,0.0,2.015064E-4,1.7677703E-6,0.0,0.0,1.1161203E-5,0.030846583,0.0,0.0,0.024683222,0.03061094,-15.789866,-16.00869,-16.319103,-16.593948,-17.369295,99.0,99.0,99.0,99.0,99.0,-15.789759,-16.008604,-16.319036,-16.5939,-17.369282,1.265823,188
962000003,962000010,962000002,962000003,60000000001992,60000000001992,962000000,962000004,-1,0,60,0.064493395,0.60245967,3957,10.922818,16.507433,0.0644701,8713,1,1,0,-32.30007,25.867083,14.17304,46,0.60245967,0.02909901,29.839727,36.83699,0.22693224,0.0037048054,0.0,0.0,0.02274881,0.0,1.84321E-4,1.4525863E-6,0.0,0.0,9.216085E-6,0.022933055,0.0,0.0,0.027889442,0.02909901,-15.735993,-15.951115,-16.25206,-16.521397,-17.2741,99.0,99.0,99.0,99.0,99.0,-15.735923,-15.951057,-16.252014,-16.521364,-17.27409,1.0897741,163
962000004,962000010,962000003,962000004,59000000002160,59000000002160,962000000,962000005,-1,0,59,0.08928783,0.774591,3957,10.925005,16.598742,0.06858645,8713,1,1,0,-32.429604,26.381063,12.09862,41,0.774591,0.031428292,32.557106,35.11672,0.22897168,0.0034191846,0.0,0.0,0.020994999,0.0,1.7087994E-4,1.2304984E-6,0.0,0.0,7.8466055E-6,0.05395502,0.0,0.0,0.019981995,0.031428292,-16.050488,-16.1846,-16.43351,-16.668644,-17.352419,99.0,99.0,99.0,99.0,99.0,-16.050343,-16.18449,-16.433422,-16.668581,-17.352402,0.86893004,557
962000005,962000010,962000004,962000005,58000000002066,58000000002066,962000000,962000006,-1,0,58,0.11588337,0.774591,3957,10.91989,16.501432,0.08948051,8713,1,1,0,-30.648573,23.08181,9.082267,47,0.774591,0.03119506,32.67859,37.858345,0.23394522,0.0027226429,0.0,0.0,0.016717985,0.0,1.3755065E-4,7.687714E-7,0.0,0.0,4.9775767E-6,0.039120596,0.0,0.0,0.023523714,0.03119506,-15.773158,-15.907856,-16.146915,-16.379257,-17.035627,99.0,99.0,99.0,99.0,99.0,-15.773107,-15.907815,-16.146881,-16.379232,-17.03562,0.74098635,688
962000006,962000010,962000005,962000006,56000000002963,56000000002963,962000000,962000007,-1,0,56,0.17489761,2.237708,3957,10.951181,16.545824,0.04347249,8713,1,1,0,-31.836721,12.751643,10.56733,26,2.237708,0.043671377,46.94326,34.39226,0.24150975,0.001663237,0.0,0.0,0.010212857,0.0,8.538063E-5,2.7693022E-7,0.0,2.646978E-23,1.8812217E-6,0.05823027,0.0,0.0,0.01909968,0.043671377,-15.7621565,-15.795894,-15.96481,-16.153763,-16.706905,99.0,99.0,99.0,99.0,99.0,-15.762118,-15.795862,-15.964786,-16.153744,-16.7069,0.35202798,446
962000007,962000010,962000006,962000007,54000000002616,54000000002616,962000000,962000008,-1,0,54,0.24246909,3.0122995,3957,10.946251,16.529184,0.04723751,8713,1,1,0,-26.493755,7.355937,-8.551866,35,3.0122995,0.047231883,52.372272,37.362965,0.15698314,0.0,0.0,0.10166749,0.0,0.0,0.0,0.0,0.0,0.0,0.0,0.0,0.0,41.582756,0.02276875,0.04136926,99.0,99.0,99.0,99.0,99.0,99.0,99.0,99.0,99.0,99.0,99.0,99.0,99.0,99.0,99.0,0.0,702
962000008,962000010,962000007,962000008,53000000003557,53000000003557,962000000,962000009,-1,0,53,0.2798018,0.516394,3957,10.958268,16.521967,0.052268215,8713,1,1,0,-24.98239,7.0656886,-7.2834754,27,0.516394,0.025928576,29.266531,34.467567,0.022885026,0.0,0.0,0.0,0.0,0.0,0.0,0.0,0.0,0.0,0.0,0.0,0.0,0.0,0.02791915,0.025928576,99.0,99.0,99.0,99.0,99.0,99.0,99.0,99.0,99.0,99.0,99.0,99.0,99.0,99.0,99.0,0.0,13
962000009,962000010,962000008,962000009,52000000003447,52000000003447,962000000,962000010,-1,0,52,0.31970343,0.60245967,3957,10.963041,16.523571,0.061636437,8713,1,1,0,-25.320827,4.6558146,-10.862619,28,0.60245967,0.026943894,31.010143,35.626747,0.022885026,0.0,0.0,0.0,0.0,0.0,0.0,0.0,0.0,0.0,0.0,0.0,0.0,0.0,0.025060857,0.026943894,99.0,99.0,99.0,99.0,99.0,99.0,99.0,99.0,99.0,99.0,99.0,99.0,99.0,99.0,99.0,0.0,736
1911000000,1911000019,-1,1911000000,63000000002696,63000000002696,1911000000,1911000001,-1,0,63,0.0,0.86065674,2851,17.845041,20.952696,19.807232,29066,1,2,2,174.89995,18.135263,215.63179,39,0.86065674,0.033326507,33.326527,38.121185,0.08522179,3.071689E-4,0.0,4.705927E-6,9.527513E-4,0.0,1.596032E-5,2.8158388E-8,0.0,1.4141437E-10,2.8630433E-8,0.0,0.0,35.020798,0.024298664,4.2194137E-4,-11.056167,-11.584837,-12.099641,-12.500996,-13.449883,99.0,99.0,99.0,99.0,99.0,-11.056164,-11.584834,-12.099639,-12.500995,-13.449883,5.2950478,191
1911000001,1911000019,1911000000,1911000001,62000000002660,62000000002660,1911000000,1911000002,-1,0,62,0.019932542,0.86065674,2851,17.811396,20.949879,19.763842,29066,1,2,2,173.73697,17.515755,217.9574,40,0.86065674,0.033158805,33.410694,38.323036,0.08522179,3.071689E-4,0.0,5.4809843E-6,0.0010514328,0.0,1.596032E-5,2.8158388E-8,0.0,1.6470503E-10,3.1595835E-8,0.0,0.0,35.12516,0.024002893,4.5249643E-4,-11.110824,-11.634749,-12.14547,-12.543298,-13.499252,99.0,99.0,99.0,99.0,99.0,-11.110821,-11.6347475,-12.145468,-12.543296,-13.499251,5.031615,496
1911000002,1911000019,1911000001,1911000002,61000000002736,61000000002736,1911000000,1911000003,-1,0,61,0.041403063,0.6885254,2851,17.782063,20.961353,19.730417,29066,1,2,2,170.46187,15.748389,218.81827,39,0.6885254,0.03061094,31.102236,38.46932,0.08522179,3.071689E-4,0.0,6.400708E-6,0.0011666716,0.0,1.596032E-5,2.8158388E-8,0.0,1.9234303E-10,3.50588E-8,0.0,0.0,35.29612,0.026100468,6.0663105E-4,-11.167807,-11.685057,-12.1905775,-12.5840435,-13.544837,99.0,99.0,99.0,99.0,99.0,-11.167805,-11.685055,-12.190576,-12.584043,-13.544837,4.7557583,256
1911000003,1911000019,1911000002,1911000003,60000000002661,60000000002661,1911000000,1911000004,-1,0,60,0.064493395,0.9467224,2851,17.739433,20.944536,19.68997,29066,1,2,2,168.43393,14.722856,220411,38,0.9467224,0.033830605,34.691765,41.415543,0.08522179,3.071689E-4,0.0,7.496577E-6,0.0013016138,0.0,1.596032E-5,2.8158388E-8,0.0,2.2527412E-10,3.911384E-8,0.0,0.0,35.319313,0.021759387,4.807583E-4,-11.228984,-11.7387,-12.238642,-12.627459,-13.591265,99.0,99.0,99.0,99.0,99.0,-11.22898,-11.738697,-12.238639,-12.627457,-13.591265,4.467906,594
1911000004,1911000019,1911000003,1911000004,59000000002671,59000000002671,1911000000,1911000005,-1,0,59,0.08928783,1.2049193,2851,17.713537,20.949753,19.625628,29066,1,2,2,165.60751,13.126401,221.93158,38,1.2049193,0.036415193,37.723125,39.37378,0.08522179,3.071689E-4,0.0,8.807919E-6,0.0014600668,0.0,1.596032E-5,2.8158388E-8,0.0,2.6468025E-10,4.387539E-8,0.0,0.0,35.41178,0.019999214,4.561099E-4,-11.295513,-11.797181,-12.291432,-12.675517,-13.640385,99.0,99.0,99.0,99.0,99.0,-11.295509,-11.797178,-12.2914295,-12.675515,-13.640385,4.16859,321
1911000005,1911000019,1911000004,1911000005,58000000002664,58000000002664,1911000000,1911000006,-1,0,58,0.11588337,0.774591,2851,17.658348,20.94901,19.573755,29066,1,2,2,159.9823,11.084255,221.84106,38,0.774591,0.03119506,32.67859,39.851055,0.08522179,3.071689E-4,0.0,1.03817565E-5,0.0016467252,0.0,1.596032E-5,2.8158388E-8,0.0,3.1197459E-10,4.9484537E-8,0.0,0.0,35.59433,0.022920158,6.64877E-4,-11.36873,-11.861151,-12.349431,-12.729243,-13.695241,99.0,99.0,99.0,99.0,99.0,-11.368727,-11.861148,-12.349428,-12.729242,-13.695241,3.8583355,770
1911000006,1911000019,1911000005,1911000006,57000000002653,57000000002653,1911000000,1911000007,-1,0,57,0.14438343,0.774591,2860,17.64692,20.92562,19.504751,28846,1,2,2,156.91089,7.707588,223.70305,40,0.774591,0.030940566,32.812706,40.70066,0.08522179,3.071689E-4,0.0,1.2279488E-5,0.0018673423,0.0,1.596032E-5,2.8158388E-8,0.0,3.690019E-10,5.6114136E-8,0.0,0.0,35.710995,0.023793109,7.143799E-4,-11.455038,-11.938374,-12.421299,-12.797734,-13.764878,99.0,99.0,99.0,99.0,99.0,-11.455035,-11.938371,-12.421297,-12.797732,-13.764878,3.5377476,29
1911000007,1911000019,1911000006,1911000007,56000000002581,56000000002581,1911000000,1911000008,-1,0,56,0.17489761,0.774591,2860,17.594093,20.921005,19.441189,28846,1,2,2,154.01562,6.308111,225.29333,41,0.774591,0.030663371,32.960686,43.336693,0.08522164,3.071689E-4,0.0,1.4577166E-5,0.0021289815,0.0,1.596032E-5,2.8158388E-8,0.0,4.380477E-10,6.397646E-8,0.0,0.0,35.830738,0.026014108,7.680394E-4,-11.5613785,-12.036149,-12.514397,-12.888344,-13.85603,99.0,99.0,99.0,99.0,99.0,-11.561376,-12.036147,-12.514395,-12.888343,-13.85603,3.207518,63
1911000008,1911000019,1911000007,1911000008,55000000002632,55000000002632,1911000000,1911000009,-1,0,55,0.20754863,0.60245967,2863,17.542482,20.926067,19.369131,28839,1,2,2,147.9676,3.737669,224.68225,41,0.60245967,0.027922137,30.462086,43.26305,0.08522149,3.071689E-4,0.0,1.7367003E-5,0.0024404048,0.0,1.596032E-5,2.8158388E-8,0.0,5.218831E-10,7.333481E-8,0.0,0.0,36.029346,0.02854149,0.0010695272,-11.67999,-12.140426,-12.610104,-12.978825,-13.940764,99.0,99.0,99.0,99.0,99.0,-11.679988,-12.140425,-12.610102,-12.978824,-13.940764,2.8683634,481
1911000009,1911000019,1911000008,1911000009,54000000002559,54000000002559,1911000000,1911000010,-1,0,54,0.24246909,0.60245967,2863,17.4787,20.924856,19.295362,28839,1,2,2,145.96655,3.142742,225.58783,38,0.60245967,0.02762137,30.627487,42.133827,0.08522131,3.071689E-4,0.0,2.0772852E-5,0.002812478,0.0,1.596032E-5,2.8158388E-8,0.0,6.242297E-10,8.451571E-8,0.0,0.0,36.15505,0.024573682,0.0011495855,-11.806419,-12.246315,-12.703153,-13.064468,-14.017902,99.0,99.0,99.0,99.0,99.0,-11.8064165,-12.246313,-12.703151,-13.064467,-14.017901,2.5210695,361
1940000000,1940000016,-1,1940000000,63000000002730,63000000002730,1940000000,1940000001,-1,0,63,0.0,0.774591,1121,23.26474,4.4660254,23.62471,22729,2,0,2,167.10664,-137.7273,260.35083,39,0.774591,0.032176387,32.176407,43.482372,0.22180216,0.002790699,0.0,0.0,0.05414932,0.0,1.3924864E-4,1.1250188E-6,0.0,0.0,5.2923397E-6,0.0444091,0.0,0.0,0.021070002,0.032176387,-15.659636,-15.76935,-16.012678,-16.2522,-16.957724,99.0,99.0,99.0,99.0,99.0,-15.659483,-15.76924,-16.012598,-16.252146,-16.957708,2.002157,573
1940000001,1940000016,1940000000,1940000001,62000000002733,62000000002733,1940000000,1940000002,-1,0,62,0.019932542,0.60245967,1121,23.22993,4.4884763,23.5679,22729,2,0,2,168.13536,-137.79578,262.73587,39,0.60245967,0.029441835,29.66549,43.3599,0.22527803,0.0023039132,0.0,0.0,0.05116028,0.0,1.1561797E-4,8.4876706E-7,0.0,0.0,3.5789308E-6,0.03936384,0.0,0.0,0.022782099,0.029441835,-15.33,-15.441993,-15.699303,-15.947154,-16.677027,99.0,99.0,99.0,99.0,99.0,-15.32994,-15.441947,-15.699266,-15.947129,-16.67702,2.1337552,413
1940000002,1940000016,1940000001,1940000002,61000000002769,61000000002769,1940000000,1940000003,-1,0,61,0.041403063,3.3565624,1121,23.192602,4.512026,23.50885,22729,2,0,2,168.45312,-137.06828,264.3741,39,3.3565624,0.05190409,52.737137,43219,0.13769959,0.0018520805,0.0,0.10483211,0.048638143,0.0,9.28314E-5,6.417883E-7,0.0,4.863851E-7,2.3054297E-6,0.0052404283,0.0,41.57106,0.012823317,0.04318659,-14.2580385,-14.558131,-14.944806,-15.268415,-16.161663,99.0,99.0,99.0,99.0,99.0,-14.257785,-14.557957,-14.94468,-15.26833,-16.16164,2.3446167,551
1940000003,1940000016,1940000002,1940000003,60000000002785,60000000002785,1940000000,1940000004,-1,0,60,0.064493395,0.774591,1121,23.164175,4.574414,23.46029,22729,2,0,2,168.9244,-136.5237,266.22763,39,0.774591,0.031641692,32.447132,43.424656,0.1303614,0.0017893128,0.0,1.6705731E-4,0.048673928,0.0,8.980346E-5,5.99032E-7,0.0,9.914911E-9,2.5490442E-6,8.2838815E-4,0.0,37.400356,0.02086976,0.0027839374,-13.89776,-14.345327,-14.804297,-15.168237,-16.118158,99.0,99.0,99.0,99.0,99.0,-13.89771,-14.345286,-14.804265,-15.168213,-16.118153,2.1354983,902
1940000004,1940000016,1940000003,1940000004,59000000002787,59000000002787,1940000000,1940000005,-1,0,59,0.08928783,0.6885254,1070,23.120012,4.6137524,23.39096,20973,2,0,2,169.60056,-136.0343,268.37207,39,0.6885254,0.030218292,31.30365,43.53961,0.1304314,0.0017789959,0.0,2.1655946E-4,0.052095477,0.0,8.931089E-5,5.9194707E-7,0.0,1.2345086E-8,2.7114017E-6,6.3679414E-4,0.0,37.607227,0.021692509,0.003509231,-14.043607,-14.4741125,-14.917523,-15.267538,-16.183758,99.0,99.0,99.0,99.0,99.0,-14.043561,-14.474075,-14.917493,-15.267516,-16.183752,1.8476921,377
1940000005,1940000016,1940000004,1940000005,58000000002787,58000000002787,1940000000,1940000006,-1,0,58,0.11588337,1.2049193,1070,23.070887,4.633179,23.320803,20973,2,0,2,168.57916,-133.85255,268.49786,39,1.2049193,0.036144953,37.86388,46.446995,0.1304835,0.0017707752,0.0,2.7825063E-4,0.056601744,0.0,8.8918016E-5,5.8633213E-7,0.0,1.5888304E-8,2.935695E-6,7.502888E-4,0.0,37.693123,0.017980821,0.0026901828,-14.235641,-14.62222,-15.031835,-15.358141,-16.218014,99.0,99.0,99.0,99.0,99.0,-14.235574,-14.622166,-15.031791,-15.358109,-16.218004,1.545292,897
1940000006,1940000016,1940000005,1940000006,57000000002805,57000000002805,1940000000,1940000007,-1,0,57,0.14438343,1.6352477,1070,23.01316,4.654941,23.249186,20973,2,0,2,169.47105,-133.59125,270.9697,39,1.6352477,0.0396916,42.093246,46.58393,0.13054924,0.0017607665,0.0,3.466018E-4,0.06240862,0.0,8.843952E-5,5.795329E-7,0.0,1.952696E-8,3.2278951E-6,7.4704486E-4,0.0,37.935165,0.016210325,0.0033081246,-14.511353,-14.829428,-15.188894,-15.487979,-16.286173,99.0,99.0,99.0,99.0,99.0,-14.5112705,-14.829361,-15.188841,-15.487941,-16.286161,1.2325679,932
1940000007,1940000016,1940000006,1940000007,56000000002842,56000000002842,1940000000,1940000008,-1,0,56,0.17489761,2.065576,1070,22.956724,4.6992435,23.177675,20973,2,0,2,170.48529,-132.19612,273.76184,38,2.065576,0.04252159,45.70733,48.917957,0.13061471,0.0017505016,0.0,0.0,0.06968768,0.0,8.794836E-5,5.7260104E-7,0.0,0.0,3.5978296E-6,0.019885533,0.0,0.0,0.013030983,0.04252159,-15.1621475,-15.327156,-15.59451,-15.840717,-16.539099,99.0,99.0,99.0,99.0,99.0,-15.162006,-15.327043,-15.59442,-15.840653,-16.53908,0.90858674,221
1940000008,1940000016,1940000007,1940000008,55000000003007,55000000003007,1940000000,1940000009,-1,0,55,0.20754863,2.1516418,1070,22.909872,4.735419,23.08423,20973,2,0,2,170.2014,-129.34763,273.57898,35,2.1516418,0.042680483,46.56293,52.577984,0.13261847,0.0014698724,0.0,0.0,0.06796452,0.0,7.441899E-5,4.0021138E-7,0.0,0.0,2.5296215E-6,0.02143663,0.0,0.0,0.012926248,0.042680483,-15.158455,-15.272237,-15.49605,-15.715268,-16.346537,99.0,99.0,99.0,99.0,99.0,-15.15829,-15.272115,-15.495957,-15.715203,-16.34652,0.7099393,194
1940000009,1940000016,1940000008,1940000009,54000000002998,54000000002998,1940000000,1940000010,-1,0,54,0.24246909,2.1516418,1070,22.851603,4.794765,22.996576,20973,2,0,2,170.9937,-129.40909,276.85718,35,2.1516418,0.04222074,46.815754,48.62044,0.13483043,0.0011600943,0.0,0.0,0.066062376,0.0,5.9225775E-5,2.462554E-7,0.0,-6.617445E-24,1.5726747E-6,0.023782723,0.0,0.0,0.012901094,0.04222074,-15.128241,-15.1880045,-15.3703985,-15.563322,-16.122604,99.0,99.0,99.0,99.0,99.0,-15.12807,-15.187884,-15.37031,-15.563262,-16.122587,0.5049706,231
1962000000,1962000027,-1,1962000000,63000000002755,63000000002755,1962000000,1962000001,-1,0,63,0.0,0.86065674,2497,30.992102,29.98308,10.283301,16121,3,3,1,182.80618,-231.6082,-21.70212,37,0.86065674,0.033326507,33.326527,42.07688,0.026031822,0.012231798,0.0,1.0838079E-4,0.021967622,0.0,2.8127406E-4,5.0331273E-5,0.0,4.2545977E-7,8.623613E-5,0.0,0.0,37.38928,0.023954729,0.004279845,-14.404832,-15.143903,-15.776424,-16.283222,-17.57087,99.0,99.0,99.0,99.0,99.0,-14.404193,-15.143376,-15.775998,-16.282913,-17.570778,6.8540826,816
1962000001,1962000027,1962000000,1962000001,62000000002804,62000000002804,1962000000,1962000002,-1,0,62,0.019932542,0.6885254,2497,30.961084,30.032803,10.28506,16121,3,3,1,182.76384,-233.23064,-20.8519,36,0.6885254,0.030781908,31.015743,42.205696,0.026028858,0.012231798,0.0,1.2619299E-4,0.024242923,0.0,2.812624E-4,5.0331273E-5,0.0,4.9538335E-7,9.5168056E-5,0.0,0.0,37.470108,0.024787638,0.0046847896,-14.453835,-15.18898,-15.818772,-16.323584,-17.612364,99.0,99.0,99.0,99.0,99.0,-14.4532385,-15.188488,-15.818375,-16.323294,-17.61228,6.5906563,900
1962000002,1962000027,1962000001,1962000002,61000000002792,61000000002792,1962000000,1962000003,-1,0,61,0.041403063,0.86065674,2497,30.915417,30.071323,10.289414,16121,3,3,1,183.0929,-232.73827,-19.952522,35,0.86065674,0.032974634,33.50387,41.31904,0.02602452,0.012231798,0.0,1.4736831E-4,0.026899995,0.0,2.8124536E-4,5.0331273E-5,0.0,5.7850923E-7,1.0559866E-4,0.0,0.0,37.606525,0.010787223,0.004998636,-14.516748,-15.248162,-15.875408,-16.378338,-17.670567,99.0,99.0,99.0,99.0,99.0,-14.513601,-15.245567,-15.873309,-16.376812,-17.67012,6.314798,193
1962000003,1962000027,1962000002,1962000003,60000000002843,60000000002843,1962000000,1962000004,-1,0,60,0.064493395,0.774591,2497,30.915213,30.117846,10.2681875,16121,3,3,1,183.7497,-232.55974,-20.54155,35,0.774591,0.031641692,32.447132,38.649166,0.026019191,0.012231798,0.0,1.7253651E-4,0.030011354,0.0,2.8122446E-4,5.0331273E-5,0.0,6.773096E-7,1.1781262E-4,0.0,0.0,37.70451,0.0047253277,0.0054219994,-14.600069,-15.327299,-15.952554,-16.455444,-17.759354,99.0,99.0,99.0,99.0,99.0,-14.583701,-15.313802,-15.941631,-16.4475,-17.757032,6.026946,269
1962000004,1962000027,1962000003,1962000004,59000000002860,59000000002860,1962000000,1962000005,-1,0,59,0.08928783,0.6885254,2497,30.865957,30.172274,10.276789,16121,3,3,1,180.48955,-235.41293,-18.608479,34,0.6885254,0.030218292,31.30365,41.32168,0.02601176,0.012231798,0.0,2.0263651E-4,0.033664808,0.0,2.8119527E-4,5.0331273E-5,0.0,7.954702E-7,1.3215462E-4,0.0,0.0,37.80552,0.012157895,0.0059152977,-14.701317,-15.416887,-16.033953,-16531,-17.83165,99.0,99.0,99.0,99.0,99.0,-14.69884,-15.414845,-16.0323,-16.529799,-17.831299,5.7276297,661
1962000005,1962000027,1962000004,1962000005,58000000003016,58000000003016,1962000000,1962000006,-1,0,58,0.11588337,1.4631164,2497,30.798473,30.233915,10.304098,16121,3,3,1,182.12196,-234.01009,-19.55389,31,1.4631164,0.03856156,40.395416,40.868084,0.026001276,0.012231798,0.0,2.3891189E-4,0.0379686,0.0,2.811541E-4,5.0331273E-5,0.0,9.3787304E-7,1.490496E-4,0.0,0.0,38.052853,0.004642637,0.0067178532,-14.810101,-15.500882,-16.101734,-16.585709,-17.86869,99.0,99.0,99.0,99.0,99.0,-14.793158,-15.48691,-16.090427,-16.577484,-17.866285,5.4173765,690
1962000006,1962000027,1962000005,1962000006,57000000003460,57000000003460,1962000000,1962000007,-1,0,57,0.14438343,1.2049193,2497,30.75073,30.315306,10.302942,16123,3,3,1,184.38573,-235.8316,-20.286144,28,1.2049193,0.035850078,38.019283,41.88949,0.025989732,0.012231798,0.0,2.82471E-4,0.04305538,0.0,2.8110878E-4,5.0331273E-5,0.0,1.1088687E-6,1.6901827E-4,0.0,0.0,38.138577,0.0037020377,0.007173949,-14.98405,-15.626485,-16.202442,-16.672289,-17.94471,99.0,99.0,99.0,99.0,99.0,-14.957456,-15.6045475,-16.184685,-16.65937,-17.940931,5.0967875,786
1962000007,1962000027,1962000006,1962000007,56000000003633,56000000003633,1962000000,1962000008,-1,0,56,0.17489761,1.3770508,2497,30.701088,30.376139,10.307047,16123,3,3,1,183.67581,-239.22748,-16.886148,26,1.3770508,0.037146028,39.929028,42.03315,0.025974274,0.012231798,0.0,0.0,0.049088,0.0,2.8104812E-4,5.0331273E-5,0.0,0.0,1.9269997E-4,0.028768497,0.0,0.0,0.0027565572,0.037146028,-15.54359,-15.998311,-16.496948,-16.927578,-18.151932,99.0,99.0,99.0,99.0,99.0,-15.487954,-15.954138,-16.461592,-16.901718,-18.144003,4.7665586,769
1962000008,1962000027,1962000007,1962000008,55000000003737,55000000003737,1962000000,1962000009,-1,0,55,0.20754863,1.4631164,2497,30.65257,30.438232,10.304541,16123,3,3,1,182.09428,-239.01811,-14.908087,25,1.4631164,0.037531763,40.945854,41.75645,0.028872246,0.011825811,0.0,3.3080866E-4,0.046596017,0.0,2.8993675E-4,4.6107194E-5,0.0,1.1832578E-6,1.6666765E-4,0.0,0.0,38.296577,0.0040009,0.007728962,-14.950552,-15.631764,-16.222857,-16.693663,-17.967361,99.0,99.0,99.0,99.0,99.0,-14.928739,-15.613773,-16.208298,-16.68307,-17.964264,4.584782,414
1962000009,1962000027,1962000008,1962000009,54000000003636,54000000003636,1962000000,1962000010,-1,0,54,0.24246909,1.6352477,2497,30.575195,30.521927,10.321544,16123,3,3,1,183.97032,-240.83662,-15.030041,26,1.6352477,0.03852983,42.723145,43.618397,0.028850678,0.011825811,0.0,3.9557976E-4,0.053700212,0.0,2.8985963E-4,4.6107194E-5,0.0,1.4149355E-6,1.9207841E-4,0.0,0.0,38.448864,0.0036158604,0.0085128,-15.14397,-15.7939205,-16.366625,-16.824965,-18.094318,99.0,99.0,99.0,99.0,99.0,-15.117305,-15.771924,-16.34882,-16.81201,-18.09053,4.23749,389
2135000000,2135000031,-1,2135000000,63000000002939,63000000002939,2135000000,2135000001,-1,0,63,0.0,0.774591,3942,8.950769,22.40992,6.3614063,9137,1,2,0,-142.79303,-28.953773,136.49545,34,0.774591,0.032176387,32.176407,38.985977,0.030204287,0.006857007,0.0,1.3169444E-4,0.02669635,1.9868821E-6,1.8849914E-4,1.4270737E-5,0.0,6.2544717E-7,1.2678711E-4,0.30016673,0.0,37.48383,0.020986773,0.0049646925,-17.097563,-17.205477,-17.428186,-17.653946,-18.438494,99.0,99.0,99.0,99.0,99.0,-17.097046,-17.20505,-17.427841,-17.653694,-18.43842,2.7961788,80
2135000001,2135000016,2135000000,2135000001,62000000003084,62000000003084,2135000000,2135000002,2135000017,0,62,0.019932542,1.032788,3942,8.939756,22.403175,6.3316145,9137,1,2,0,-143.57362,-29.625004,138.03595,32,1.032788,0.03523649,35.50416,40.29792,0.048747893,0.0035667599,0.0,4.10783E-5,0.007882652,0.0,1.506445E-4,5.0403737E-6,0.0,2.8478402E-8,5.464816E-6,0.0,0.0,36.560223,0.018036367,0.0015471427,-13.510031,-14.15684,-14.733563,-15.179911,-16.302809,99.0,99.0,99.0,99.0,99.0,-13.509686,-14.156556,-14.733334,-15.179744,-16.30276,5.0210223,234
2135000002,2135000016,2135000001,2135000002,61000000003402,61000000003402,2135000000,2135000003,-1,0,61,0.041403063,0.774591,3942,8.981982,22.404875,6.2960587,9137,1,2,0,-141.77713,-31.191263,133.93805,28,0.774591,0.03183666,32.34763,38.316185,0.048747487,0.0035667599,0.0,4.7966147E-5,0.008746605,0.0,1.506442E-4,5.0403737E-6,0.0,3.3253556E-8,6.063771E-6,0.0,0.0,36.674652,0.02072289,0.0018608061,-13.562985,-14.204979,-14.7779455,-15.2219305,-16.346416,99.0,99.0,99.0,99.0,99.0,-13.562724,-14.204763,-14.777772,-15.221805,-16.346378,4.7451677,182
2135000003,2135000016,2135000002,2135000003,60000000003400,60000000003400,2135000000,2135000004,-1,0,60,0.064493395,1.032788,3942,9.012129,22.413416,6.2681227,9137,1,2,0,-141.28183,-32.594425,135.88641,28,1.032788,0.03482619,35.712692,37.412285,0.048746824,0.0035667599,0.0,5.617788E-5,0.009758271,0.0,1.5064367E-4,5.0403737E-6,0.0,3.894652E-8,6.7651313E-6,0.0,0.0,36.78167,0.018780695,0.001807106,-13.623449,-14.260743,-14.829858,-15.271817,-16.39751,99.0,99.0,99.0,99.0,99.0,-13.623132,-14.260481,-14.829646,-15.271664,-16.397465,4.457315,221
2135000004,2135000016,2135000003,2135000004,59000000003410,59000000003410,2135000000,2135000005,-1,0,59,0.08928783,1.1188537,3942,9.018541,22.420061,6.2421546,9137,1,2,0,-140.76349,-34.12405,137.97633,28,1.1188537,0.03552666,36.802677,38.50776,0.048746098,0.0035667599,0.0,6.599985E-5,0.010946201,0.0,1.5064309E-4,5.0403737E-6,0.0,4.575581E-8,7.5886887E-6,0.0,0.0,36.90539,0.018228587,0.0019441928,-13.6907215,-14.322788,-14.887351,-15.326635,-16.451317,99.0,99.0,99.0,99.0,99.0,-13.690385,-14.322511,-14.887127,-15.326472,-16.45127,4.1579986,841
2135000005,2135000016,2135000004,2135000005,58000000003684,58000000003684,2135000000,2135000006,-1,0,58,0.11588337,1.032788,3942,9.05176,22.433971,6.206249,9137,1,2,0,-139.91199,-36.20781,137.98277,26,1.032788,0.034334604,35.96744,37.471405,0.04874514,0.0035667599,0.0,7.779288E-5,0.012345594,0.0,1.5064249E-4,5.0403737E-6,0.0,5.3931565E-8,8.558845E-6,0.0,0.0,37.01491,0.014329746,0.0021232942,-13.767702,-14.394488,-14.954191,-15.390244,-16.513569,99.0,99.0,99.0,99.0,99.0,-13.767157,-14.394038,-14.953828,-15.389979,-16.513493,3.8477433,341
2135000006,2135000016,2135000005,2135000006,57000000003619,57000000003619,2135000000,2135000007,-1,0,57,0.14438343,1.032788,3942,9.092422,22.436613,6.1575494,9137,1,2,0,-139.76018,-37.99875,140.00499,26,1.032788,0.0340545,36.11506,39.882683,0.048743807,0.0035667599,0.0,9.200601E-5,0.013999574,0.0,1.506416E-4,5.0403737E-6,0.0,6.3785116E-8,9.705502E-6,0.0,0.0,37.136406,0.013895476,0.0023070574,-13.860073,-14.482764,-15.038241,-15.470961,-16.59477,99.0,99.0,99.0,99.0,99.0,-13.859492,-14.4822855,-15.037855,-15.470679,-16.594688,3.527156,653
2135000007,2135000016,2135000006,2135000007,56000000003541,56000000003541,2135000000,2135000008,-1,0,56,0.17489761,1.1188537,3942,9.13683,22.454863,6.1172633,9137,1,2,0,-136.25671,-36.264267,149.78903,27,1.1188537,0.03466199,37.258884,42.408756,0.048741996,0.0035667599,0.0,1.0921571E-4,0.015961098,0.0,1.5064036E-4,5.0403737E-6,0.0,7.57161E-8,1.1065369E-5,0.0,0.0,37.270138,0.01997437,0.0024942337,-13.966433,-14.58251,-15.132661,-15.561473,-16.683538,99.0,99.0,99.0,99.0,99.0,-13.966152,-14.582278,-15.132474,-15.561337,-16.683498,3.1969268,280
2135000008,2135000016,2135000007,2135000008,55000000003545,55000000003545,2135000000,2135000009,-1,0,55,0.20754863,0.86065674,3942,9.184825,22.466478,6.071769,9139,1,2,0,-135.00648,-37.634193,149.64258,27,0.86065674,0.03144725,34.30786,44.1111,0.048739616,0.0035667599,0.0,1.3010514E-4,0.018295858,0.0,1.506387E-4,5.0403737E-6,0.0,9.0198135E-8,1.26839905E-5,0.0,0.0,37.379658,0.022085793,0.00283987,-14.077852,-14.680817,-15.222289,-15.645047,-16.756886,99.0,99.0,99.0,99.0,99.0,-14.077622,-14.680627,-15.222136,-15.644936,-16.756853,2.8577716,232
2135000009,2135000016,2135000008,2135000009,54000000003629,54000000003629,2135000000,2135000010,-1,0,54,0.24246909,0.9467224,3942,9.23206,22.486532,6.027492,9139,1,2,0,-135.44669,-40.410175,151.3355,26,0.9467224,0.032112695,35.607616,42.92531,0.0487359,0.0035667599,0.0,1.5561526E-4,0.021085305,0.0,1.5063614E-4,5.0403737E-6,0.0,1.0788359E-7,1.4617836E-5,0.0,0.0,37.513393,0.022804676,0.0030123163,-14.202165,-14.786822,-15.317923,-15.734594,-16.836348,99.0,99.0,99.0,99.0,99.0,-14.201949,-14.786645,-15.31778,-15.73449,-16.836317,2.5104785,158
